email,name
marie.dupont@example.com,Marie Dupont
karim.benali@example.com,Karim Benali
sophie.martin@example.com,Sophie Martin
amadou.diallo@example.com,Amadou Diallo
julie.bernard@example.com,Julie Bernard
mehdi.bouzid@example.com,Mehdi Bouzid
camille.leroy@example.com,Camille Leroy
fatima.el-amrani@example.com,Fatima El Amrani
thomas.moreau@example.com,Thomas Moreau
aissatou.ba@example.com,Aissatou Ba
lucas.dubois@example.com,Lucas Dubois
yasmine.khediri@example.com,Yasmine Khediri
emma.petit@example.com,Emma Petit
moussa.traore@example.com,Moussa Traoré
claire.roux@example.com,Claire Roux
youssef.mansouri@example.com,Youssef Mansouri
lea.girard@example.com,Léa Girard
ibrahima.sow@example.com,Ibrahima Sow
manon.bonnet@example.com,Manon Bonnet
rachid.amrani@example.com,Rachid Amrani
chloe.lambert@example.com,Chloé Lambert
mamadou.ndiaye@example.com,Mamadou Ndiaye
pauline.rousseau@example.com,Pauline Rousseau
nabil.cherif@example.com,Nabil Cherif
marine.fontaine@example.com,Marine Fontaine
ousmane.diop@example.com,Ousmane Diop
charlotte.mercier@example.com,Charlotte Mercier
samir.belkacem@example.com,Samir Belkacem
alice.blanc@example.com,Alice Blanc
cheikh.fall@example.com,Cheikh Fall
justine.guerin@example.com,Justine Guérin
farid.benmoussa@example.com,Farid Benmoussa
oceane.michel@example.com,Océane Michel
sekou.camara@example.com,Sékou Camara
mathilde.fournier@example.com,Mathilde Fournier
said.boudiaf@example.com,Saïd Boudiaf
anais.garcia@example.com,Anaïs Garcia
bakary.konate@example.com,Bakary Konaté
lucie.martinez@example.com,Lucie Martinez
omar.tazi@example.com,Omar Tazi
elise.lefebvre@example.com,Élise Lefebvre
modou.mbaye@example.com,Modou Mbaye
ines.robert@example.com,Inès Robert
bilal.hammadi@example.com,Bilal Hammadi
eva.richard@example.com,Eva Richard
lamine.cisse@example.com,Lamine Cissé
margot.durand@example.com,Margot Durand
adil.lahlou@example.com,Adil Lahlou
sarah.morel@example.com,Sarah Morel
boubacar.toure@example.com,Boubacar Touré
amandine.simon@example.com,Amandine Simon
hicham.bennani@example.com,Hicham Bennani
coralie.laurent@example.com,Coralie Laurent
alpha.barry@example.com,Alpha Barry
melanie.lefevre@example.com,Mélanie Lefèvre
redouane.ziani@example.com,Redouane Ziani
emilie.david@example.com,Émilie David
abdoulaye.keita@example.com,Abdoulaye Keïta
aurelie.bertrand@example.com,Aurélie Bertrand
nassim.larbi@example.com,Nassim Larbi
helene.thomas@example.com,Hélène Thomas
samba.gueye@example.com,Samba Gueye
celine.morin@example.com,Céline Morin
yassine.cherkaoui@example.com,Yassine Cherkaoui
stephanie.henry@example.com,Stéphanie Henry
demba.faye@example.com,Demba Faye
elodie.muller@example.com,Élodie Muller
khalid.fassi@example.com,Khalid Fassi
laetitia.lopez@example.com,Laetitia Lopez
aliou.sarr@example.com,Aliou Sarr
sandrine.sanchez@example.com,Sandrine Sanchez
tarik.idrissi@example.com,Tarik Idrissi
virginie.chevalier@example.com,Virginie Chevalier
djibril.dembele@example.com,Djibril Dembélé
aurelie.lemaire@example.com,Aurélie Lemaire
amine.senhaji@example.com,Amine Senhaji
nathalie.clement@example.com,Nathalie Clément
souleymane.sangare@example.com,Souleymane Sangaré
delphine.renaud@example.com,Delphine Renaud
driss.berrada@example.com,Driss Berrada
veronique.mathieu@example.com,Véronique Mathieu
tidiane.diagne@example.com,Tidiane Diagne
christine.andre@example.com,Christine André
mohamed.alaoui@example.com,Mohamed Alaoui
florence.roche@example.com,Florence Roche
oumar.sylla@example.com,Oumar Sylla
sylvie.barbier@example.com,Sylvie Barbier
abdelkader.bensaid@example.com,Abdelkader Bensaïd
patricia.schmitt@example.com,Patricia Schmitt
pape.diaw@example.com,Pape Diaw
isabelle.olivier@example.com,Isabelle Olivier
rachida.benomar@example.com,Rachida Benomar
marie-claire.roy@example.com,Marie-Claire Roy
mamady.conde@example.com,Mamady Condé
catherine.colin@example.com,Catherine Colin
hakim.berrabah@example.com,Hakim Berrabah
brigitte.vidal@example.com,Brigitte Vidal
seydou.coulibaly@example.com,Seydou Coulibaly
monique.faure@example.com,Monique Faure
anwar.chakir@example.com,Anwar Chakir
danielle.perrin@example.com,Danielle Perrin
idrissa.kone@example.com,Idrissa Koné
jocelyne.robin@example.com,Jocelyne Robin
lotfi.taleb@example.com,Lotfi Taleb
martine.masson@example.com,Martine Masson
babacar.thiam@example.com,Babacar Thiam
michele.gauthier@example.com,Michèle Gauthier
sofiane.hadj@example.com,Sofiane Hadj
dominique.perez@example.com,Dominique Perez
adama.sissoko@example.com,Adama Sissoko
laurence.marchand@example.com,Laurence Marchand
jamel.saadi@example.com,Jamel Saadi
fabienne.duval@example.com,Fabienne Duval
ousmane.bah@example.com,Ousmane Bah
corinne.picard@example.com,Corinne Picard
lahcen.el-idrissi@example.com,Lahcen El Idrissi
valerie.roger@example.com,Valérie Roger
baba.sidibe@example.com,Baba Sidibé
francoise.joly@example.com,Françoise Joly
nadir.mesbah@example.com,Nadir Mesbah
christelle.lucas@example.com,Christelle Lucas
abdou.wade@example.com,Abdou Wade
annick.marechal@example.com,Annick Maréchal
mounir.tahiri@example.com,Mounir Tahiri
josiane.brunet@example.com,Josiane Brunet
boubacar.diarra@example.com,Boubacar Diarra
genevieve.leroux@example.com,Geneviève Leroux
kamel.djelloul@example.com,Kamel Djelloul
odile.caron@example.com,Odile Caron
issa.sacko@example.com,Issa Sacko
muriel.renard@example.com,Muriel Renard
aziz.rachidi@example.com,Aziz Rachidi
armelle.legrand@example.com,Armelle Legrand
cheickna.traore@example.com,Cheickna Traoré
lydie.blanchard@example.com,Lydie Blanchard
hamza.sekkat@example.com,Hamza Sekkat
mireille.aubert@example.com,Mireille Aubert
sidy.diakite@example.com,Sidy Diakité
pascale.marie@example.com,Pascale Marie
faysal.benkirane@example.com,Faysal Benkirane
claudine.hubert@example.com,Claudine Hubert
moustapha.mbengue@example.com,Moustapha Mbengue
annie.perret@example.com,Annie Perret
nordine.khaldi@example.com,Nordine Khaldi
chantal.vincent@example.com,Chantal Vincent
lassana.diaby@example.com,Lassana Diaby
jacqueline.pons@example.com,Jacqueline Pons
mustapha.el-fassi@example.com,Mustapha El Fassi
bernadette.hoarau@example.com,Bernadette Hoarau
modibo.koulibaly@example.com,Modibo Koulibaly
evelyne.colas@example.com,Évelyne Colas
brahim.zeroual@example.com,Brahim Zeroual
ghislaine.lemoine@example.com,Ghislaine Lemoine
alassane.drame@example.com,Alassane Dramé
marie-helene.dufour@example.com,Marie-Hélène Dufour
nouredine.benamara@example.com,Nouredine Benamara
daniele.mallet@example.com,Danièle Mallet
sokhna.samb@example.com,Sokhna Samb
regine.gonzalez@example.com,Régine Gonzalez
abderrahim.ameur@example.com,Abderrahim Ameur
colette.antoine@example.com,Colette Antoine
korotoumou.toure@example.com,Korotoumou Touré
eliane.jacquet@example.com,Éliane Jacquet
miloud.benali@example.com,Miloud Benali
liliane.hamon@example.com,Liliane Hamon
fode.camara@example.com,Fodé Camara
marie-france.gilles@example.com,Marie-France Gilles
abdelaziz.bouazza@example.com,Abdelaziz Bouazza
josette.brun@example.com,Josette Brun
younous.diarra@example.com,Younous Diarra
marie-pierre.leclercq@example.com,Marie-Pierre Leclercq
ali.kacimi@example.com,Ali Kacimi
lilou.nguyen@example.com,Lilou Nguyen
kader.meziane@example.com,Kader Meziane
mei.chen@example.com,Mei Chen
habib.ouedraogo@example.com,Habib Ouédraogo
linh.tran@example.com,Linh Tran
abdel.guerraoui@example.com,Abdel Guerraoui
kim.pham@example.com,Kim Pham
seydina.seck@example.com,Seydina Seck
ying.wang@example.com,Ying Wang
amath.niang@example.com,Amath Niang
huong.le@example.com,Huong Lê
elhadji.ndoye@example.com,Elhadji Ndoye
minh.dao@example.com,Minh Dao
thierno.balde@example.com,Thierno Baldé
jean-pierre.dupont@example.com,
antoine.leblanc@example.com,
gabriel.roussel@example.com,
maxime.legendre@example.com,
quentin.laporte@example.com,
romain.boucher@example.com,
benjamin.carpentier@example.com,
florian.chevalier@example.com,
julien.ferreira@example.com,
nicolas.besson@example.com,
alexandre.marin@example.com,
vincent.noel@example.com,
sebastien.paris@example.com,
adrien.roger@example.com,
jeremy.costa@example.com,
cedric.charles@example.com,
kevin.lacroix@example.com,
yohan.fournier@example.com,
damien.collet@example.com,
michael.lemaitre@example.com,
stephane.dumont@example.com,
olivier.pichon@example.com,
frederic.marchal@example.com,
guillaume.barbe@example.com,
xavier.lecomte@example.com,
ludovic.menard@example.com,
fabrice.hardy@example.com,
arnaud.tessier@example.com,
jonathan.chauvin@example.com,
mickael.jacob@example.com,
mathieu.poirier@example.com,
christophe.guyot@example.com,
eric.prevost@example.com,
david.herve@example.com,
laurent.becker@example.com,
franck.lebreton@example.com,
pierre.deschamps@example.com,
emmanuel.maillard@example.com,
pascal.geoffroy@example.com,
lionel.thibault@example.com,
thierry.pelletier@example.com,
patrice.bouvier@example.com,
herve.guillot@example.com,
jean-claude.legros@example.com,
alain.navarro@example.com,
bruno.aubry@example.com,
jean-marc.didier@example.com,
,Sophie Manquante
,Jean Sans-Email
fabien.rey@example.com,Fabien Rey
yannick.lejeune@example.com,Yannick Lejeune
cyril.monnier@example.com,Cyril Monnier
gregory.guillon@example.com,Grégory Guillon
stephane.riou@example.com,Stéphane Riou
christel.barreau@example.com,Christel Barreau
paulette.ollivier@example.com,Paulette Ollivier
nadege.coste@example.com,Nadège Coste
fatou.dieng@example.com,Fatou Dieng
rachid.belhadj@example.com,Rachid Belhadj
aminata.kaba@example.com,Aminata Kaba
karim.ait-ahmed@example.com,Karim Aït-Ahmed
mariama.sane@example.com,Mariama Sané
yacine.boumediene@example.com,Yacine Boumediene
aida.mbodj@example.com,Aïda Mbodj
